obs_val,date
91,01-01-2012
90,02-01-2012
89,03-01-2012
89,04-01-2012
95,05-01-2012
93,06-01-2012
96,07-01-2012
96,08-01-2012
98,09-01-2012
93,10-01-2012
87,11-01-2012
82,12-01-2012
77,13-01-2012
68,14-01-2012
74,15-01-2012
78,16-01-2012
85,17-01-2012
87,18-01-2012
85,19-01-2012
85,20-01-2012
86,21-01-2012
79,22-01-2012
72,23-01-2012
80,24-01-2012
74,25-01-2012
84,26-01-2012
85,27-01-2012
79,28-01-2012
74,29-01-2012
81,30-01-2012
72,31-01-2012
73,01-02-2012
82,02-02-2012
78,03-02-2012
87,04-02-2012
94,05-02-2012
87,06-02-2012
87,07-02-2012
89,08-02-2012
93,09-02-2012
88,10-02-2012
84,11-02-2012
85,12-02-2012
81,13-02-2012
93,14-02-2012
95,15-02-2012
92,16-02-2012
96,17-02-2012
77,18-02-2012
80,19-02-2012
90,20-02-2012
89,21-02-2012
84,22-02-2012
78,23-02-2012
84,24-02-2012
77,25-02-2012
91,26-02-2012
96,27-02-2012
95,28-02-2012
88,29-02-2012
,01-03-2012
,02-03-2012
90,01-03-2012
84,02-03-2012
84,03-03-2012
88,04-03-2012
86,05-03-2012
82,06-03-2012
87,07-03-2012
86,08-03-2012
80,09-03-2012
89,10-03-2012
84,11-03-2012
92,12-03-2012
90,13-03-2012
95,14-03-2012
91,15-03-2012
91,16-03-2012
92,17-03-2012
88,18-03-2012
85,19-03-2012
85,20-03-2012
86,21-03-2012
87,22-03-2012
86,23-03-2012
87,24-03-2012
78,25-03-2012
88,26-03-2012
81,27-03-2012
90,28-03-2012
94,29-03-2012
88,30-03-2012
94,31-03-2012
92,01-04-2012
86,02-04-2012
86,03-04-2012
88,04-04-2012
86,05-04-2012
86,06-04-2012
86,07-04-2012
91,08-04-2012
94,09-04-2012
94,10-04-2012
93,11-04-2012
96,12-04-2012
91,13-04-2012
96,14-04-2012
95,15-04-2012
95,16-04-2012
95,17-04-2012
92,18-04-2012
89,19-04-2012
94,20-04-2012
87,21-04-2012
91,22-04-2012
96,23-04-2012
93,24-04-2012
94,25-04-2012
96,26-04-2012
94,27-04-2012
87,28-04-2012
94,29-04-2012
83,30-04-2012
,01-05-2012
89,01-05-2012
79,02-05-2012
68,03-05-2012
76,04-05-2012
76,05-05-2012
85,06-05-2012
77,07-05-2012
78,08-05-2012
77,09-05-2012
76,10-05-2012
76,11-05-2012
81,12-05-2012
84,13-05-2012
82,14-05-2012
81,15-05-2012
81,16-05-2012
80,17-05-2012
80,18-05-2012
84,19-05-2012
84,20-05-2012
85,21-05-2012
81,22-05-2012
84,23-05-2012
86,24-05-2012
86,25-05-2012
82,26-05-2012
84,27-05-2012
85,28-05-2012
84,29-05-2012
83,30-05-2012
83,31-05-2012
83,01-06-2012
85,02-06-2012
85,03-06-2012
82,04-06-2012
84,05-06-2012
92,06-06-2012
85,07-06-2012
82,08-06-2012
84,09-06-2012
84,10-06-2012
82,11-06-2012
86,12-06-2012
93,13-06-2012
86,14-06-2012
87,15-06-2012
83,16-06-2012
85,17-06-2012
82,18-06-2012
84,19-06-2012
84,20-06-2012
86,21-06-2012
83,22-06-2012
91,23-06-2012
86,24-06-2012
92,25-06-2012
89,26-06-2012
87,27-06-2012
82,28-06-2012
82,29-06-2012
85,30-06-2012
,01-07-2012
81,01-07-2012
91,02-07-2012
86,03-07-2012
85,04-07-2012
82,05-07-2012
87,06-07-2012
85,07-07-2012
81,08-07-2012
91,09-07-2012
81,10-07-2012
79,11-07-2012
83,12-07-2012
83,13-07-2012
85,14-07-2012
84,15-07-2012
86,16-07-2012
89,17-07-2012
87,18-07-2012
82,19-07-2012
85,20-07-2012
84,21-07-2012
81,22-07-2012
83,23-07-2012
83,24-07-2012
85,25-07-2012
83,26-07-2012
82,27-07-2012
84,28-07-2012
87,29-07-2012
85,30-07-2012
84,31-07-2012
83,01-08-2012
85,02-08-2012
85,03-08-2012
88,04-08-2012
87,05-08-2012
86,06-08-2012
91,07-08-2012
91,08-08-2012
86,09-08-2012
90,10-08-2012
93,11-08-2012
92,12-08-2012
88,13-08-2012
87,14-08-2012
90,15-08-2012
85,16-08-2012
79,17-08-2012
76,18-08-2012
82,19-08-2012
87,20-08-2012
93,21-08-2012
85,22-08-2012
92,23-08-2012
93,24-08-2012
91,25-08-2012
82,26-08-2012
85,27-08-2012
84,28-08-2012
96,29-08-2012
94,30-08-2012
95,31-08-2012
93,01-09-2012
86,02-09-2012
93,03-09-2012
94,04-09-2012
92,05-09-2012
93,06-09-2012
93,07-09-2012
89,08-09-2012
85,09-09-2012
86,10-09-2012
84,11-09-2012
89,12-09-2012
88,13-09-2012
86,14-09-2012
86,15-09-2012
90,16-09-2012
84,17-09-2012
86,18-09-2012
87,19-09-2012
92,20-09-2012
91,21-09-2012
96,22-09-2012
85,23-09-2012
96,24-09-2012
81,25-09-2012
79,26-09-2012
81,27-09-2012
83,28-09-2012
79,29-09-2012
84,30-09-2012
,01-10-2012
91,01-10-2012
85,02-10-2012
84,03-10-2012
84,04-10-2012
86,05-10-2012
84,06-10-2012
87,07-10-2012
91,08-10-2012
94,09-10-2012
87,10-10-2012
87,11-10-2012
91,12-10-2012
90,13-10-2012
87,14-10-2012
95,15-10-2012
92,16-10-2012
93,17-10-2012
96,18-10-2012
95,19-10-2012
94,20-10-2012
95,21-10-2012
95,22-10-2012
96,23-10-2012
97,24-10-2012
96,25-10-2012
93,26-10-2012
92,27-10-2012
95,28-10-2012
96,29-10-2012
89,30-10-2012
90,31-10-2012
98,01-11-2012
94,02-11-2012
95,03-11-2012
88,04-11-2012
86,05-11-2012
92,06-11-2012
96,07-11-2012
95,08-11-2012
96,09-11-2012
97,10-11-2012
78,11-11-2012
88,12-11-2012
89,13-11-2012
89,14-11-2012
92,15-11-2012
87,16-11-2012
86,17-11-2012
87,18-11-2012
90,19-11-2012
89,20-11-2012
90,21-11-2012
87,22-11-2012
93,23-11-2012
95,24-11-2012
95,25-11-2012
94,26-11-2012
95,27-11-2012
82,28-11-2012
81,29-11-2012
77,30-11-2012
,01-12-2012
82,01-12-2012
85,02-12-2012
91,03-12-2012
91,04-12-2012
90,05-12-2012
94,06-12-2012
91,07-12-2012
89,08-12-2012
90,09-12-2012
87,10-12-2012
85,11-12-2012
86,12-12-2012
89,13-12-2012
79,14-12-2012
84,15-12-2012
95,16-12-2012
96,17-12-2012
93,18-12-2012
94,19-12-2012
95,20-12-2012
91,21-12-2012
95,22-12-2012
87,23-12-2012
90,24-12-2012
91,25-12-2012
90,26-12-2012
95,27-12-2012
96,28-12-2012
93,29-12-2012
95,30-12-2012
89,31-12-2012
83,01-01-2013
85,02-01-2013
88,03-01-2013
93,04-01-2013
84,05-01-2013
75,06-01-2013
95,07-01-2013
93,08-01-2013
88,09-01-2013
95,10-01-2013
87,11-01-2013
75,12-01-2013
79,13-01-2013
80,14-01-2013
78,15-01-2013
75,16-01-2013
81,17-01-2013
75,18-01-2013
80,19-01-2013
88,20-01-2013
70,21-01-2013
84,22-01-2013
91,23-01-2013
83,24-01-2013
85,25-01-2013
78,26-01-2013
67,27-01-2013
73,28-01-2013
73,29-01-2013
66,30-01-2013
77,31-01-2013
81,01-02-2013
82,02-02-2013
80,03-02-2013
84,04-02-2013
85,05-02-2013
94,06-02-2013
93,07-02-2013
94,08-02-2013
94,09-02-2013
82,10-02-2013
80,11-02-2013
85,12-02-2013
95,13-02-2013
94,14-02-2013
89,15-02-2013
92,16-02-2013
88,17-02-2013
86,18-02-2013
96,19-02-2013
88,20-02-2013
77,21-02-2013
75,22-02-2013
78,23-02-2013
90,24-02-2013
86,25-02-2013
86,26-02-2013
67,27-02-2013
80,28-02-2013
,01-03-2013
,02-03-2013
,03-03-2013
79,01-03-2013
83,02-03-2013
75,03-03-2013
91,04-03-2013
86,05-03-2013
92,06-03-2013
93,07-03-2013
93,08-03-2013
89,09-03-2013
89,10-03-2013
86,11-03-2013
84,12-03-2013
84,13-03-2013
85,14-03-2013
92,15-03-2013
88,16-03-2013
93,17-03-2013
87,18-03-2013
86,19-03-2013
88,20-03-2013
87,21-03-2013
85,22-03-2013
87,23-03-2013
96,24-03-2013
95,25-03-2013
90,26-03-2013
91,27-03-2013
94,28-03-2013
85,29-03-2013
87,30-03-2013
86,31-03-2013
86,01-04-2013
89,02-04-2013
88,03-04-2013
89,04-04-2013
87,05-04-2013
84,06-04-2013
85,07-04-2013
85,08-04-2013
95,09-04-2013
91,10-04-2013
88,11-04-2013
86,12-04-2013
86,13-04-2013
85,14-04-2013
94,15-04-2013
80,16-04-2013
80,17-04-2013
79,18-04-2013
77,19-04-2013
83,20-04-2013
83,21-04-2013
85,22-04-2013
88,23-04-2013
81,24-04-2013
86,25-04-2013
89,26-04-2013
86,27-04-2013
80,28-04-2013
86,29-04-2013
90,30-04-2013
,01-05-2013
96,01-05-2013
83,02-05-2013
98,03-05-2013
95,04-05-2013
95,05-05-2013
98,06-05-2013
90,07-05-2013
85,08-05-2013
82,09-05-2013
82,10-05-2013
82,11-05-2013
83,12-05-2013
86,13-05-2013
81,14-05-2013
80,15-05-2013
85,16-05-2013
81,17-05-2013
85,18-05-2013
93,19-05-2013
96,20-05-2013
84,21-05-2013
85,22-05-2013
84,23-05-2013
83,24-05-2013
83,25-05-2013
85,26-05-2013
82,27-05-2013
82,28-05-2013
85,29-05-2013
90,30-05-2013
90,31-05-2013
90,01-06-2013
86,02-06-2013
85,03-06-2013
85,04-06-2013
86,05-06-2013
85,06-06-2013
90,07-06-2013
93,08-06-2013
86,09-06-2013
90,10-06-2013
89,11-06-2013
88,12-06-2013
86,13-06-2013
86,14-06-2013
86,15-06-2013
86,16-06-2013
89,17-06-2013
85,18-06-2013
81,19-06-2013
86,20-06-2013
85,21-06-2013
85,22-06-2013
86,23-06-2013
83,24-06-2013
96,25-06-2013
90,26-06-2013
90,27-06-2013
95,28-06-2013
90,29-06-2013
85,30-06-2013
,01-07-2013
85,01-07-2013
86,02-07-2013
86,03-07-2013
86,04-07-2013
84,05-07-2013
82,06-07-2013
84,07-07-2013
85,08-07-2013
84,09-07-2013
84,10-07-2013
84,11-07-2013
92,12-07-2013
83,13-07-2013
87,14-07-2013
85,15-07-2013
91,16-07-2013
89,17-07-2013
92,18-07-2013
93,19-07-2013
85,20-07-2013
86,21-07-2013
86,22-07-2013
96,23-07-2013
96,24-07-2013
92,25-07-2013
95,26-07-2013
87,27-07-2013
83,28-07-2013
84,29-07-2013
84,30-07-2013
85,31-07-2013
90,01-08-2013
86,02-08-2013
84,03-08-2013
81,04-08-2013
81,05-08-2013
80,06-08-2013
82,07-08-2013
84,08-08-2013
87,09-08-2013
89,10-08-2013
85,11-08-2013
85,12-08-2013
86,13-08-2013
85,14-08-2013
87,15-08-2013
84,16-08-2013
87,17-08-2013
89,18-08-2013
85,19-08-2013
85,20-08-2013
84,21-08-2013
82,22-08-2013
83,23-08-2013
82,24-08-2013
80,25-08-2013
85,26-08-2013
82,27-08-2013
92,28-08-2013
94,29-08-2013
91,30-08-2013
87,31-08-2013
92,01-09-2013
91,02-09-2013
90,03-09-2013
88,04-09-2013
95,05-09-2013
93,06-09-2013
84,07-09-2013
83,08-09-2013
83,09-09-2013
85,10-09-2013
87,11-09-2013
94,12-09-2013
90,13-09-2013
87,14-09-2013
89,15-09-2013
91,16-09-2013
88,17-09-2013
93,18-09-2013
92,19-09-2013
88,20-09-2013
86,21-09-2013
84,22-09-2013
83,23-09-2013
83,24-09-2013
85,25-09-2013
85,26-09-2013
83,27-09-2013
79,28-09-2013
81,29-09-2013
83,30-09-2013
,01-10-2013
81,01-10-2013
82,02-10-2013
86,03-10-2013
88,04-10-2013
89,05-10-2013
87,06-10-2013
82,07-10-2013
79,08-10-2013
82,09-10-2013
82,10-10-2013
86,11-10-2013
84,12-10-2013
88,13-10-2013
86,14-10-2013
81,15-10-2013
91,16-10-2013
89,17-10-2013
94,18-10-2013
91,19-10-2013
83,20-10-2013
85,21-10-2013
85,22-10-2013
85,23-10-2013
92,24-10-2013
92,25-10-2013
90,26-10-2013
88,27-10-2013
90,28-10-2013
92,29-10-2013
93,30-10-2013
94,31-10-2013
95,01-11-2013
96,02-11-2013
94,03-11-2013
96,04-11-2013
95,05-11-2013
91,06-11-2013
95,07-11-2013
91,08-11-2013
93,09-11-2013
95,10-11-2013
87,11-11-2013
83,12-11-2013
90,13-11-2013
83,14-11-2013
86,15-11-2013
85,16-11-2013
87,17-11-2013
90,18-11-2013
95,19-11-2013
91,20-11-2013
87,21-11-2013
92,22-11-2013
96,23-11-2013
95,24-11-2013
94,25-11-2013
91,26-11-2013
85,27-11-2013
85,28-11-2013
95,29-11-2013
95,30-11-2013
,01-12-2013
89,01-12-2013
84,02-12-2013
84,03-12-2013
89,04-12-2013
86,05-12-2013
84,06-12-2013
84,07-12-2013
82,08-12-2013
90,09-12-2013
87,10-12-2013
94,11-12-2013
88,12-12-2013
90,13-12-2013
91,14-12-2013
88,15-12-2013
80,16-12-2013
76,17-12-2013
79,18-12-2013
86,19-12-2013
80,20-12-2013
87,21-12-2013
74,22-12-2013
82,23-12-2013
82,24-12-2013
78,25-12-2013
80,26-12-2013
80,27-12-2013
77,28-12-2013
80,29-12-2013
81,30-12-2013
76,31-12-2013
76,01-01-2014
80,02-01-2014
75,03-01-2014
78,04-01-2014
83,05-01-2014
88,06-01-2014
91,07-01-2014
90,08-01-2014
90,09-01-2014
91,10-01-2014
80,11-01-2014
91,12-01-2014
86,13-01-2014
85,14-01-2014
94,15-01-2014
94,16-01-2014
83,17-01-2014
87,18-01-2014
79,19-01-2014
79,20-01-2014
78,21-01-2014
81,22-01-2014
84,23-01-2014
73,24-01-2014
72,25-01-2014
76,26-01-2014
80,27-01-2014
82,28-01-2014
80,29-01-2014
80,30-01-2014
80,31-01-2014
82,01-02-2014
81,02-02-2014
78,03-02-2014
83,04-02-2014
90,05-02-2014
84,06-02-2014
75,07-02-2014
81,08-02-2014
86,09-02-2014
86,10-02-2014
85,11-02-2014
87,12-02-2014
87,13-02-2014
86,14-02-2014
86,15-02-2014
89,16-02-2014
85,17-02-2014
86,18-02-2014
80,19-02-2014
82,20-02-2014
85,21-02-2014
89,22-02-2014
93,23-02-2014
86,24-02-2014
83,25-02-2014
82,26-02-2014
89,27-02-2014
85,28-02-2014
,01-03-2014
,02-03-2014
,03-03-2014
83,01-03-2014
83,02-03-2014
78,03-03-2014
81,04-03-2014
93,05-03-2014
94,06-03-2014
93,07-03-2014
84,08-03-2014
85,09-03-2014
84,10-03-2014
73,11-03-2014
84,12-03-2014
74,13-03-2014
75,14-03-2014
81,15-03-2014
89,16-03-2014
89,17-03-2014
94,18-03-2014
88,19-03-2014
87,20-03-2014
92,21-03-2014
90,22-03-2014
86,23-03-2014
95,24-03-2014
90,25-03-2014
88,26-03-2014
95,27-03-2014
89,28-03-2014
88,29-03-2014
82,30-03-2014
82,31-03-2014
79,01-04-2014
87,02-04-2014
93,03-04-2014
89,04-04-2014
95,05-04-2014
94,06-04-2014
92,07-04-2014
96,08-04-2014
85,09-04-2014
89,10-04-2014
86,11-04-2014
82,12-04-2014
79,13-04-2014
93,14-04-2014
89,15-04-2014
87,16-04-2014
84,17-04-2014
90,18-04-2014
87,19-04-2014
88,20-04-2014
89,21-04-2014
93,22-04-2014
94,23-04-2014
95,24-04-2014
90,25-04-2014
89,26-04-2014
92,27-04-2014
92,28-04-2014
96,29-04-2014
92,30-04-2014
,01-05-2014
92,01-05-2014
94,02-05-2014
92,03-05-2014
95,04-05-2014
96,05-05-2014
91,06-05-2014
93,07-05-2014
92,08-05-2014
92,09-05-2014
91,10-05-2014
86,11-05-2014
87,12-05-2014
79,13-05-2014
82,14-05-2014
79,15-05-2014
77,16-05-2014
82,17-05-2014
86,18-05-2014
88,19-05-2014
88,20-05-2014
92,21-05-2014
84,22-05-2014
82,23-05-2014
85,24-05-2014
87,25-05-2014
84,26-05-2014
87,27-05-2014
88,28-05-2014
89,29-05-2014
84,30-05-2014
80,31-05-2014
91,01-06-2014
92,02-06-2014
90,03-06-2014
84,04-06-2014
83,05-06-2014
83,06-06-2014
81,07-06-2014
87,08-06-2014
84,09-06-2014
88,10-06-2014
87,11-06-2014
95,12-06-2014
84,13-06-2014
86,14-06-2014
84,15-06-2014
85,16-06-2014
85,17-06-2014
88,18-06-2014
87,19-06-2014
85,20-06-2014
86,21-06-2014
84,22-06-2014
82,23-06-2014
82,24-06-2014
81,25-06-2014
83,26-06-2014
86,27-06-2014
85,28-06-2014
88,29-06-2014
86,30-06-2014
,01-07-2014
85,01-07-2014
81,02-07-2014
82,03-07-2014
83,04-07-2014
82,05-07-2014
84,06-07-2014
83,07-07-2014
85,08-07-2014
82,09-07-2014
89,10-07-2014
85,11-07-2014
84,12-07-2014
84,13-07-2014
86,14-07-2014
87,15-07-2014
84,16-07-2014
84,17-07-2014
84,18-07-2014
87,19-07-2014
85,20-07-2014
86,21-07-2014
84,22-07-2014
86,23-07-2014
86,24-07-2014
82,25-07-2014
82,26-07-2014
86,27-07-2014
91,28-07-2014
85,29-07-2014
83,30-07-2014
87,31-07-2014
94,01-08-2014
86,02-08-2014
91,03-08-2014
86,04-08-2014
88,05-08-2014
85,06-08-2014
83,07-08-2014
89,08-08-2014
87,09-08-2014
85,10-08-2014
91,11-08-2014
82,12-08-2014
85,13-08-2014
84,14-08-2014
83,15-08-2014
87,16-08-2014
90,17-08-2014
93,18-08-2014
97,19-08-2014
89,20-08-2014
91,21-08-2014
95,22-08-2014
96,23-08-2014
93,24-08-2014
88,25-08-2014
81,26-08-2014
79,27-08-2014
81,28-08-2014
87,29-08-2014
85,30-08-2014
84,31-08-2014
87,01-09-2014
94,02-09-2014
95,03-09-2014
92,04-09-2014
83,05-09-2014
82,06-09-2014
92,07-09-2014
85,08-09-2014
84,09-09-2014
88,10-09-2014
85,11-09-2014
84,12-09-2014
83,13-09-2014
88,14-09-2014
84,15-09-2014
84,16-09-2014
84,17-09-2014
86,18-09-2014
80,19-09-2014
84,20-09-2014
84,21-09-2014
84,22-09-2014
92,23-09-2014
94,24-09-2014
95,25-09-2014
94,26-09-2014
92,27-09-2014
92,28-09-2014
95,29-09-2014
95,30-09-2014
,01-10-2014
96,01-10-2014
93,02-10-2014
90,03-10-2014
92,04-10-2014
85,05-10-2014
86,06-10-2014
91,07-10-2014
92,08-10-2014
86,09-10-2014
80,10-10-2014
81,11-10-2014
90,12-10-2014
94,13-10-2014
89,14-10-2014
95,15-10-2014
96,16-10-2014
96,17-10-2014
97,18-10-2014
93,19-10-2014
93,20-10-2014
94,21-10-2014
91,22-10-2014
91,23-10-2014
91,24-10-2014
91,25-10-2014
90,26-10-2014
93,27-10-2014
95,28-10-2014
95,29-10-2014
96,30-10-2014
96,31-10-2014
83,01-11-2014
95,02-11-2014
97,03-11-2014
95,04-11-2014
83,05-11-2014
94,06-11-2014
90,07-11-2014
90,08-11-2014
89,09-11-2014
91,10-11-2014
95,11-11-2014
89,12-11-2014
95,13-11-2014
96,14-11-2014
91,15-11-2014
95,16-11-2014
95,17-11-2014
96,18-11-2014
90,19-11-2014
92,20-11-2014
95,21-11-2014
93,22-11-2014
91,23-11-2014
82,24-11-2014
87,25-11-2014
91,26-11-2014
97,27-11-2014
95,28-11-2014
92,29-11-2014
94,30-11-2014
,01-12-2014
96,01-12-2014
92,02-12-2014
82,03-12-2014
85,04-12-2014
87,05-12-2014
91,06-12-2014
88,07-12-2014
92,08-12-2014
96,09-12-2014
97,10-12-2014
96,11-12-2014
95,12-12-2014
91,13-12-2014
92,14-12-2014
93,15-12-2014
93,16-12-2014
92,17-12-2014
92,18-12-2014
95,19-12-2014
92,20-12-2014
94,21-12-2014
95,22-12-2014
95,23-12-2014
97,24-12-2014
94,25-12-2014
88,26-12-2014
90,27-12-2014
93,28-12-2014
93,29-12-2014
95,30-12-2014
90,31-12-2014
94,01-01-2015
97,02-01-2015
92,03-01-2015
89,04-01-2015
91,05-01-2015
87,06-01-2015
88,07-01-2015
88,08-01-2015
91,09-01-2015
72,10-01-2015
80,11-01-2015
74,12-01-2015
87,13-01-2015
84,14-01-2015
81,15-01-2015
86,16-01-2015
84,17-01-2015
79,18-01-2015
77,19-01-2015
85,20-01-2015
76,21-01-2015
88,22-01-2015
85,23-01-2015
87,24-01-2015
81,25-01-2015
72,26-01-2015
75,27-01-2015
86,28-01-2015
84,29-01-2015
84,30-01-2015
81,31-01-2015
82,01-02-2015
82,02-02-2015
91,03-02-2015
83,04-02-2015
84,05-02-2015
95,06-02-2015
83,07-02-2015
82,08-02-2015
95,09-02-2015
95,10-02-2015
94,11-02-2015
91,12-02-2015
94,13-02-2015
94,14-02-2015
90,15-02-2015
77,16-02-2015
83,17-02-2015
83,18-02-2015
80,19-02-2015
85,20-02-2015
75,21-02-2015
77,22-02-2015
82,23-02-2015
90,24-02-2015
85,25-02-2015
85,26-02-2015
87,27-02-2015
86,28-02-2015
81,01-03-2015
94,02-03-2015
87,03-03-2015
93,04-03-2015
86,05-03-2015
83,06-03-2015
85,07-03-2015
84,08-03-2015
91,09-03-2015
81,10-03-2015
80,11-03-2015
92,12-03-2015
92,13-03-2015
95,14-03-2015
93,15-03-2015
88,16-03-2015
96,17-03-2015
87,18-03-2015
87,19-03-2015
88,20-03-2015
89,21-03-2015
87,22-03-2015
84,23-03-2015
85,24-03-2015
85,25-03-2015
95,26-03-2015
93,27-03-2015
94,28-03-2015
92,29-03-2015
92,30-03-2015
93,31-03-2015
95,01-04-2015
90,02-04-2015
85,03-04-2015
84,04-04-2015
83,05-04-2015
91,06-04-2015
93,07-04-2015
89,08-04-2015
85,09-04-2015
87,10-04-2015
86,11-04-2015
87,12-04-2015
94,13-04-2015
90,14-04-2015
87,15-04-2015
87,16-04-2015
91,17-04-2015
93,18-04-2015
91,19-04-2015
95,20-04-2015
95,21-04-2015
88,22-04-2015
87,23-04-2015
95,24-04-2015
93,25-04-2015
87,26-04-2015
88,27-04-2015
86,28-04-2015
91,29-04-2015
89,30-04-2015
85,01-05-2015
81,02-05-2015
83,03-05-2015
82,04-05-2015
86,05-05-2015
88,06-05-2015
95,07-05-2015
92,08-05-2015
95,09-05-2015
96,10-05-2015
94,11-05-2015
92,12-05-2015
95,13-05-2015
93,14-05-2015
92,15-05-2015
84,16-05-2015
89,17-05-2015
91,18-05-2015
94,19-05-2015
84,20-05-2015
81,21-05-2015
84,22-05-2015
85,23-05-2015
84,24-05-2015
85,25-05-2015
82,26-05-2015
82,27-05-2015
83,28-05-2015
84,29-05-2015
83,30-05-2015
87,31-05-2015
89,01-06-2015
89,02-06-2015
83,03-06-2015
95,04-06-2015
97,05-06-2015
92,06-06-2015
86,07-06-2015
94,08-06-2015
81,09-06-2015
83,10-06-2015
88,11-06-2015
88,12-06-2015
83,13-06-2015
81,14-06-2015
80,15-06-2015
90,16-06-2015
87,17-06-2015
93,18-06-2015
92,19-06-2015
90,20-06-2015
88,21-06-2015
94,22-06-2015
89,23-06-2015
92,24-06-2015
82,25-06-2015
92,26-06-2015
94,27-06-2015
94,28-06-2015
87,29-06-2015
91,30-06-2015
88,01-07-2015
85,02-07-2015
84,03-07-2015
85,04-07-2015
80,05-07-2015
78,06-07-2015
80,07-07-2015
78,08-07-2015
84,09-07-2015
86,10-07-2015
82,11-07-2015
81,12-07-2015
82,13-07-2015
84,14-07-2015
84,15-07-2015
83,16-07-2015
83,17-07-2015
87,18-07-2015
83,19-07-2015
81,20-07-2015
86,21-07-2015
82,22-07-2015
86,23-07-2015
84,24-07-2015
90,25-07-2015
91,26-07-2015
86,27-07-2015
84,28-07-2015
82,29-07-2015
80,30-07-2015
81,31-07-2015
81,01-08-2015
81,02-08-2015
84,03-08-2015
81,04-08-2015
83,05-08-2015
83,06-08-2015
82,07-08-2015
81,08-08-2015
83,09-08-2015
85,10-08-2015
82,11-08-2015
84,12-08-2015
82,13-08-2015
82,14-08-2015
87,15-08-2015
91,16-08-2015
94,17-08-2015
93,18-08-2015
85,19-08-2015
80,20-08-2015
82,21-08-2015
88,22-08-2015
87,23-08-2015
86,24-08-2015
86,25-08-2015
85,26-08-2015
86,27-08-2015
87,28-08-2015
84,29-08-2015
93,30-08-2015
86,31-08-2015
86,01-09-2015
86,02-09-2015
96,03-09-2015
88,04-09-2015
86,05-09-2015
92,06-09-2015
91,07-09-2015
94,08-09-2015
87,09-09-2015
94,10-09-2015
90,11-09-2015
82,12-09-2015
81,13-09-2015
84,14-09-2015
89,15-09-2015
88,16-09-2015
87,17-09-2015
84,18-09-2015
83,19-09-2015
91,20-09-2015
82,21-09-2015
86,22-09-2015
90,23-09-2015
94,24-09-2015
97,25-09-2015
96,26-09-2015
96,27-09-2015
96,28-09-2015
97,29-09-2015
96,30-09-2015
92,01-10-2015
92,02-10-2015
85,03-10-2015
83,04-10-2015
96,05-10-2015
92,06-10-2015
92,07-10-2015
87,08-10-2015
88,09-10-2015
94,10-10-2015
89,11-10-2015
91,12-10-2015
95,13-10-2015
95,14-10-2015
96,15-10-2015
95,16-10-2015
96,17-10-2015
96,18-10-2015
95,19-10-2015
94,20-10-2015
96,21-10-2015
93,22-10-2015
95,23-10-2015
96,24-10-2015
93,25-10-2015
87,26-10-2015
92,27-10-2015
91,28-10-2015
95,29-10-2015
93,30-10-2015
93,31-10-2015
95,01-11-2015
96,02-11-2015
94,03-11-2015
96,04-11-2015
95,05-11-2015
91,06-11-2015
96,07-11-2015
96,08-11-2015
94,09-11-2015
92,10-11-2015
95,11-11-2015
95,12-11-2015
96,13-11-2015
92,14-11-2015
97,15-11-2015
96,16-11-2015
90,17-11-2015
89,18-11-2015
95,19-11-2015
91,20-11-2015
93,21-11-2015
94,22-11-2015
95,23-11-2015
95,24-11-2015
92,25-11-2015
88,26-11-2015
88,27-11-2015
89,28-11-2015
91,29-11-2015
96,30-11-2015
95,01-12-2015
90,02-12-2015
89,03-12-2015
96,04-12-2015
96,05-12-2015
95,06-12-2015
96,07-12-2015
96,08-12-2015
95,09-12-2015
95,10-12-2015
95,11-12-2015
95,12-12-2015
95,13-12-2015
96,14-12-2015
92,15-12-2015
84,16-12-2015
89,17-12-2015
95,18-12-2015
94,19-12-2015
87,20-12-2015
90,21-12-2015
77,22-12-2015
77,23-12-2015
77,24-12-2015
73,25-12-2015
82,26-12-2015
95,27-12-2015
82,28-12-2015
96,29-12-2015
84,30-12-2015
85,31-12-2015
76,01-01-2015
72,02-01-2015
70,03-01-2015
68,04-01-2015
73,05-01-2015
74,06-01-2015
65,07-01-2015
75,08-01-2015
73,09-01-2015
60,10-01-2015
56,11-01-2015
55,12-01-2015
59,13-01-2015
69,14-01-2015
67,15-01-2015
70,16-01-2015
69,17-01-2015
66,18-01-2015
64,19-01-2015
67,20-01-2015
59,21-01-2015
71,22-01-2015
71,23-01-2015
74,24-01-2015
60,25-01-2015
70,26-01-2015
62,27-01-2015
69,28-01-2015
78,29-01-2015
75,30-01-2015
65,31-01-2015
69,01-02-2015
64,02-02-2015
71,03-02-2015
75,04-02-2015
71,05-02-2015
75,06-02-2015
75,07-02-2015
73,08-02-2015
77,09-02-2015
80,10-02-2015
74,11-02-2015
76,12-02-2015
75,13-02-2015
76,14-02-2015
69,15-02-2015
53,16-02-2015
57,17-02-2015
61,18-02-2015
57,19-02-2015
58,20-02-2015
64,21-02-2015
69,22-02-2015
67,23-02-2015
71,24-02-2015
76,25-02-2015
71,26-02-2015
77,27-02-2015
69,28-02-2015
67,01-03-2015
71,02-03-2015
75,03-03-2015
73,04-03-2015
67,05-03-2015
67,06-03-2015
68,07-03-2015
67,08-03-2015
72,09-03-2015
63,10-03-2015
69,11-03-2015
68,12-03-2015
79,13-03-2015
83,14-03-2015
70,15-03-2015
71,16-03-2015
76,17-03-2015
74,18-03-2015
69,19-03-2015
71,20-03-2015
74,21-03-2015
73,22-03-2015
73,23-03-2015
72,24-03-2015
65,25-03-2015
68,26-03-2015
75,27-03-2015
74,28-03-2015
73,29-03-2015
69,30-03-2015
71,31-03-2015
78,01-04-2015
72,02-04-2015
73,03-04-2015
73,04-04-2015
73,05-04-2015
69,06-04-2015
77,07-04-2015
80,08-04-2015
70,09-04-2015
70,10-04-2015
73,11-04-2015
73,12-04-2015
81,13-04-2015
68,14-04-2015
72,15-04-2015
68,16-04-2015
69,17-04-2015
71,18-04-2015
73,19-04-2015
73,20-04-2015
84,21-04-2015
74,22-04-2015
71,23-04-2015
74,24-04-2015
82,25-04-2015
71,26-04-2015
66,27-04-2015
68,28-04-2015
73,29-04-2015
71,30-04-2015
73,01-05-2015
72,02-05-2015
74,03-05-2015
74,04-05-2015
71,05-05-2015
70,06-05-2015
71,07-05-2015
82,08-05-2015
90,09-05-2015
81,10-05-2015
82,11-05-2015
71,12-05-2015
76,13-05-2015
86,14-05-2015
75,15-05-2015
79,16-05-2015
85,17-05-2015
78,18-05-2015
79,19-05-2015
79,20-05-2015
81,21-05-2015
77,22-05-2015
79,23-05-2015
80,24-05-2015
75,25-05-2015
78,26-05-2015
76,27-05-2015
79,28-05-2015
75,29-05-2015
77,30-05-2015
75,31-05-2015
74,01-06-2015
75,02-06-2015
82,03-06-2015
83,04-06-2015
84,05-06-2015
75,06-06-2015
76,07-06-2015
73,08-06-2015
79,09-06-2015
76,10-06-2015
76,11-06-2015
79,12-06-2015
74,13-06-2015
76,14-06-2015
82,15-06-2015
85,16-06-2015
84,17-06-2015
89,18-06-2015
79,19-06-2015
79,20-06-2015
75,21-06-2015
74,22-06-2015
77,23-06-2015
75,24-06-2015
77,25-06-2015
75,26-06-2015
81,27-06-2015
80,28-06-2015
81,29-06-2015
80,30-06-2015
80,01-07-2015
79,02-07-2015
77,03-07-2015
81,04-07-2015
73,05-07-2015
73,06-07-2015
73,07-07-2015
71,08-07-2015
73,09-07-2015
75,10-07-2015
81,11-07-2015
76,12-07-2015
77,13-07-2015
75,14-07-2015
74,15-07-2015
77,16-07-2015
77,17-07-2015
75,18-07-2015
77,19-07-2015
77,20-07-2015
75,21-07-2015
76,22-07-2015
78,23-07-2015
73,24-07-2015
77,25-07-2015
83,26-07-2015
75,27-07-2015
73,28-07-2015
71,29-07-2015
71,30-07-2015
70,31-07-2015
71,01-08-2015
71,02-08-2015
73,03-08-2015
81,04-08-2015
79,05-08-2015
74,06-08-2015
71,07-08-2015
71,08-08-2015
74,09-08-2015
75,10-08-2015
77,11-08-2015
75,12-08-2015
74,13-08-2015
72,14-08-2015
79,15-08-2015
81,16-08-2015
75,17-08-2015
82,18-08-2015
75,19-08-2015
76,20-08-2015
70,21-08-2015
77,22-08-2015
72,23-08-2015
79,24-08-2015
77,25-08-2015
78,26-08-2015
77,27-08-2015
84,28-08-2015
77,29-08-2015
83,30-08-2015
78,31-08-2015
76,01-09-2015
75,02-09-2015
79,03-09-2015
81,04-09-2015
77,05-09-2015
75,06-09-2015
85,07-09-2015
77,08-09-2015
74,09-09-2015
89,10-09-2015
90,11-09-2015
77,12-09-2015
75,13-09-2015
79,14-09-2015
80,15-09-2015
81,16-09-2015
82,17-09-2015
75,18-09-2015
83,19-09-2015
85,20-09-2015
78,21-09-2015
75,22-09-2015
80,23-09-2015
83,24-09-2015
86,25-09-2015
96,26-09-2015
87,27-09-2015
83,28-09-2015
89,29-09-2015
93,30-09-2015
77,01-10-2015
77,02-10-2015
75,03-10-2015
82,04-10-2015
77,05-10-2015
80,06-10-2015
79,07-10-2015
76,08-10-2015
77,09-10-2015
75,10-10-2015
72,11-10-2015
77,12-10-2015
77,13-10-2015
79,14-10-2015
77,15-10-2015
77,16-10-2015
79,17-10-2015
79,18-10-2015
76,19-10-2015
77,20-10-2015
78,21-10-2015
76,22-10-2015
79,23-10-2015
83,24-10-2015
90,25-10-2015
74,26-10-2015
77,27-10-2015
71,28-10-2015
78,29-10-2015
79,30-10-2015
76,31-10-2015
81,01-11-2015
83,02-11-2015
79,03-11-2015
78,04-11-2015
81,05-11-2015
77,06-11-2015
73,07-11-2015
77,08-11-2015
81,09-11-2015
79,10-11-2015
80,11-11-2015
79,12-11-2015
91,13-11-2015
83,14-11-2015
93,15-11-2015
83,16-11-2015
78,17-11-2015
77,18-11-2015
77,19-11-2015
72,20-11-2015
75,21-11-2015
77,22-11-2015
73,23-11-2015
75,24-11-2015
73,25-11-2015
72,26-11-2015
65,27-11-2015
84,28-11-2015
74,29-11-2015
79,30-11-2015
81,01-12-2015
81,02-12-2015
76,03-12-2015
91,04-12-2015
82,05-12-2015
78,06-12-2015
83,07-12-2015
89,08-12-2015
79,09-12-2015
85,10-12-2015
84,11-12-2015
78,12-12-2015
75,13-12-2015
75,14-12-2015
74,15-12-2015
79,16-12-2015
75,17-12-2015
84,18-12-2015
80,19-12-2015
67,20-12-2015
70,21-12-2015
59,22-12-2015
53,23-12-2015
57,24-12-2015
66,25-12-2015
60,26-12-2015
75,27-12-2015
80,28-12-2015
79,29-12-2015
72,30-12-2015
63,31-12-2015
86,01-01-2016
83,02-01-2016
84,03-01-2016
86,04-01-2016
91,05-01-2016
93,06-01-2016
83,07-01-2016
82,08-01-2016
75,09-01-2016
80,10-01-2016
81,11-01-2016
79,12-01-2016
82,13-01-2016
80,14-01-2016
86,15-01-2016
91,16-01-2016
82,17-01-2016
92,18-01-2016
93,19-01-2016
87,20-01-2016
86,21-01-2016
84,22-01-2016
87,23-01-2016
86,24-01-2016
84,25-01-2016
82,26-01-2016
74,27-01-2016
87,28-01-2016
75,29-01-2016
80,30-01-2016
75,31-01-2016
77,01-02-2016
76,02-02-2016
71,03-02-2016
69,04-02-2016
76,05-02-2016
82,06-02-2016
84,07-02-2016
87,08-02-2016
94,09-02-2016
93,10-02-2016
91,11-02-2016
85,12-02-2016
86,13-02-2016
88,14-02-2016
91,15-02-2016
67,16-02-2016
86,17-02-2016
93,18-02-2016
94,19-02-2016
94,20-02-2016
90,21-02-2016
85,22-02-2016
89,23-02-2016
75,24-02-2016
95,25-02-2016
87,26-02-2016
86,27-02-2016
83,28-02-2016
84,29-02-2016
89,01-03-2016
81,02-03-2016
84,03-03-2016
84,04-03-2016
85,05-03-2016
81,06-03-2016
89,07-03-2016
94,08-03-2016
82,09-03-2016
90,10-03-2016
92,11-03-2016
84,12-03-2016
81,13-03-2016
83,14-03-2016
93,15-03-2016
88,16-03-2016
87,17-03-2016
82,18-03-2016
87,19-03-2016
85,20-03-2016
88,21-03-2016
83,22-03-2016
89,23-03-2016
82,24-03-2016
81,25-03-2016
80,26-03-2016
85,27-03-2016
89,28-03-2016
94,29-03-2016
85,30-03-2016
92,31-03-2016
89,01-04-2016
89,02-04-2016
80,03-04-2016
85,04-04-2016
86,05-04-2016
81,06-04-2016
82,07-04-2016
88,08-04-2016
90,09-04-2016
88,10-04-2016
80,11-04-2016
85,12-04-2016
83,13-04-2016
94,14-04-2016
95,15-04-2016
87,16-04-2016
87,17-04-2016
83,18-04-2016
96,19-04-2016
70,20-04-2016
95,21-04-2016
88,22-04-2016
85,23-04-2016
79,24-04-2016
82,25-04-2016
87,26-04-2016
88,27-04-2016
84,28-04-2016
85,29-04-2016
95,30-04-2016
92,01-05-2016
88,02-05-2016
93,03-05-2016
94,04-05-2016
91,05-05-2016
88,06-05-2016
95,07-05-2016
96,08-05-2016
94,09-05-2016
95,10-05-2016
96,11-05-2016
97,12-05-2016
95,13-05-2016
93,14-05-2016
91,15-05-2016
87,16-05-2016
82,17-05-2016
83,18-05-2016
87,19-05-2016
86,20-05-2016
92,21-05-2016
87,22-05-2016
85,23-05-2016
82,24-05-2016
83,25-05-2016
81,26-05-2016
97,27-05-2016
92,28-05-2016
84,29-05-2016
82,30-05-2016
95,31-05-2016
85,01-06-2016
83,02-06-2016
86,03-06-2016
84,04-06-2016
83,05-06-2016
83,06-06-2016
94,07-06-2016
94,08-06-2016
92,09-06-2016
85,10-06-2016
87,11-06-2016
85,12-06-2016
84,13-06-2016
81,14-06-2016
84,15-06-2016
83,16-06-2016
82,17-06-2016
80,18-06-2016
90,19-06-2016
89,20-06-2016
80,21-06-2016
79,22-06-2016
80,23-06-2016
78,24-06-2016
83,25-06-2016
90,26-06-2016
87,27-06-2016
88,28-06-2016
87,29-06-2016
86,30-06-2016
84,01-07-2016
86,02-07-2016
81,03-07-2016
84,04-07-2016
84,05-07-2016
83,06-07-2016
84,07-07-2016
84,08-07-2016
86,09-07-2016
81,10-07-2016
87,11-07-2016
82,12-07-2016
83,13-07-2016
86,14-07-2016
82,15-07-2016
90,16-07-2016
88,17-07-2016
84,18-07-2016
83,19-07-2016
83,20-07-2016
84,21-07-2016
84,22-07-2016
83,23-07-2016
85,24-07-2016
91,25-07-2016
90,26-07-2016
91,27-07-2016
87,28-07-2016
86,29-07-2016
88,30-07-2016
85,31-07-2016
88,01-08-2016
85,02-08-2016
85,03-08-2016
87,04-08-2016
82,05-08-2016
82,06-08-2016
81,07-08-2016
82,08-08-2016
83,09-08-2016
81,10-08-2016
82,11-08-2016
80,12-08-2016
83,13-08-2016
83,14-08-2016
84,15-08-2016
82,16-08-2016
79,17-08-2016
81,18-08-2016
81,19-08-2016
84,20-08-2016
85,21-08-2016
86,22-08-2016
83,23-08-2016
82,24-08-2016
83,25-08-2016
85,26-08-2016
85,27-08-2016
85,28-08-2016
84,29-08-2016
82,30-08-2016
86,31-08-2016
85,01-09-2016
85,02-09-2016
83,03-09-2016
85,04-09-2016
85,05-09-2016
83,06-09-2016
80,07-09-2016
81,08-09-2016
83,09-09-2016
82,10-09-2016
83,11-09-2016
83,12-09-2016
83,13-09-2016
83,14-09-2016
86,15-09-2016
86,16-09-2016
84,17-09-2016
84,18-09-2016
83,19-09-2016
83,20-09-2016
83,21-09-2016
83,22-09-2016
83,23-09-2016
81,24-09-2016
82,25-09-2016
83,26-09-2016
84,27-09-2016
85,28-09-2016
89,29-09-2016
82,30-09-2016
80,01-10-2016
83,02-10-2016
86,03-10-2016
82,04-10-2016
79,05-10-2016
76,06-10-2016
75,07-10-2016
79,08-10-2016
79,09-10-2016
78,10-10-2016
78,11-10-2016
83,12-10-2016
84,13-10-2016
86,14-10-2016
94,15-10-2016
91,16-10-2016
89,17-10-2016
88,18-10-2016
94,19-10-2016
78,20-10-2016
80,21-10-2016
95,22-10-2016
91,23-10-2016
93,24-10-2016
92,25-10-2016
93,26-10-2016
91,27-10-2016
85,28-10-2016
87,29-10-2016
92,30-10-2016
95,31-10-2016
96,01-11-2016
89,02-11-2016
90,03-11-2016
97,04-11-2016
95,05-11-2016
96,06-11-2016
92,07-11-2016
85,08-11-2016
93,09-11-2016
94,10-11-2016
89,11-11-2016
95,12-11-2016
89,13-11-2016
94,14-11-2016
92,15-11-2016
95,16-11-2016
96,17-11-2016
94,18-11-2016
95,19-11-2016
88,20-11-2016
95,21-11-2016
95,22-11-2016
94,23-11-2016
80,24-11-2016
85,25-11-2016
83,26-11-2016
87,27-11-2016
84,28-11-2016
82,29-11-2016
77,30-11-2016
84,01-12-2016
89,02-12-2016
88,03-12-2016
90,04-12-2016
80,05-12-2016
75,06-12-2016
86,07-12-2016
85,08-12-2016
89,09-12-2016
91,10-12-2016
78,11-12-2016
73,12-12-2016
80,13-12-2016
81,14-12-2016
90,15-12-2016
87,16-12-2016
83,17-12-2016
79,18-12-2016
89,19-12-2016
92,20-12-2016
95,21-12-2016
74,22-12-2016
79,23-12-2016
84,24-12-2016
83,25-12-2016
80,26-12-2016
96,27-12-2016
96,28-12-2016
91,29-12-2016
84,30-12-2016
84,31-12-2016
78,01-01-2017
78,02-01-2017
79,03-01-2017
78,04-01-2017
79,05-01-2017
77,06-01-2017
68,07-01-2017
77,08-01-2017
73,09-01-2017
88,10-01-2017
82,11-01-2017
90,12-01-2017
64,13-01-2017
81,14-01-2017
69,15-01-2017
69,16-01-2017
69,17-01-2017
72,18-01-2017
76,19-01-2017
88,20-01-2017
95,21-01-2017
85,22-01-2017
84,23-01-2017
90,24-01-2017
87,25-01-2017
93,26-01-2017
93,27-01-2017
96,28-01-2017
89,29-01-2017
90,30-01-2017
84,31-01-2017
77,01-02-2017
74,02-02-2017
72,03-02-2017
71,04-02-2017
75,05-02-2017
75,06-02-2017
86,07-02-2017
82,08-02-2017
77,09-02-2017
80,10-02-2017
77,11-02-2017
76,12-02-2017
86,13-02-2017
93,14-02-2017
79,15-02-2017
70,16-02-2017
77,17-02-2017
83,18-02-2017
94,19-02-2017
91,20-02-2017
92,21-02-2017
86,22-02-2017
86,23-02-2017
94,24-02-2017
90,25-02-2017
87,26-02-2017
85,27-02-2017
85,28-02-2017
87,01-03-2017
85,02-03-2017
95,03-03-2017
87,04-03-2017
85,05-03-2017
84,06-03-2017
83,07-03-2017
91,08-03-2017
88,09-03-2017
91,10-03-2017
94,11-03-2017
94,12-03-2017
92,13-03-2017
95,14-03-2017
94,15-03-2017
91,16-03-2017
88,17-03-2017
88,18-03-2017
85,19-03-2017
84,20-03-2017
86,21-03-2017
89,22-03-2017
84,23-03-2017
82,24-03-2017
86,25-03-2017
81,26-03-2017
86,27-03-2017
87,28-03-2017
94,29-03-2017
87,30-03-2017
92,31-03-2017
88,01-04-2017
84,02-04-2017
89,03-04-2017
87,04-04-2017
84,05-04-2017
81,06-04-2017
84,07-04-2017
85,08-04-2017
90,09-04-2017
84,10-04-2017
96,11-04-2017
94,12-04-2017
88,13-04-2017
80,14-04-2017
81,15-04-2017
80,16-04-2017
80,17-04-2017
79,18-04-2017
76,19-04-2017
76,20-04-2017
78,21-04-2017
78,22-04-2017
80,23-04-2017
82,24-04-2017
81,25-04-2017
81,26-04-2017
82,27-04-2017
86,28-04-2017
85,29-04-2017
85,30-04-2017
84,01-05-2017
80,02-05-2017
80,03-05-2017
83,04-05-2017
90,05-05-2017
91,06-05-2017
94,07-05-2017
89,08-05-2017
90,09-05-2017
88,10-05-2017
90,11-05-2017
90,12-05-2017
79,13-05-2017
82,14-05-2017
78,15-05-2017
79,16-05-2017
80,17-05-2017
89,18-05-2017
85,19-05-2017
83,20-05-2017
86,21-05-2017
81,22-05-2017
83,23-05-2017
95,24-05-2017
86,25-05-2017
86,26-05-2017
83,27-05-2017
84,28-05-2017
88,29-05-2017
84,30-05-2017
82,31-05-2017
82,01-06-2017
92,02-06-2017
85,03-06-2017
86,04-06-2017
84,05-06-2017
89,06-06-2017
85,07-06-2017
84,08-06-2017
82,09-06-2017
88,10-06-2017
83,11-06-2017
85,12-06-2017
87,13-06-2017
91,14-06-2017
91,15-06-2017
94,16-06-2017
89,17-06-2017
87,18-06-2017
84,19-06-2017
86,20-06-2017
86,21-06-2017
89,22-06-2017
84,23-06-2017
85,24-06-2017
87,25-06-2017
93,26-06-2017
94,27-06-2017
86,28-06-2017
82,29-06-2017
82,30-06-2017
83,01-07-2017
82,02-07-2017
81,03-07-2017
84,04-07-2017
83,05-07-2017
83,06-07-2017
85,07-07-2017
83,08-07-2017
94,09-07-2017
84,10-07-2017
83,11-07-2017
84,12-07-2017
85,13-07-2017
83,14-07-2017
83,15-07-2017
83,16-07-2017
81,17-07-2017
88,18-07-2017
86,19-07-2017
89,20-07-2017
87,21-07-2017
79,22-07-2017
79,23-07-2017
80,24-07-2017
81,25-07-2017
81,26-07-2017
80,27-07-2017
80,28-07-2017
80,29-07-2017
83,30-07-2017
83,31-07-2017
83,01-08-2017
80,02-08-2017
83,03-08-2017
84,04-08-2017
82,05-08-2017
86,06-08-2017
84,07-08-2017
83,08-08-2017
83,09-08-2017
84,10-08-2017
80,11-08-2017
82,12-08-2017
83,13-08-2017
85,14-08-2017
84,15-08-2017
80,16-08-2017
87,17-08-2017
88,18-08-2017
91,19-08-2017
83,20-08-2017
87,21-08-2017
83,22-08-2017
82,23-08-2017
84,24-08-2017
83,25-08-2017
84,26-08-2017
87,27-08-2017
85,28-08-2017
83,29-08-2017
83,30-08-2017
90,31-08-2017
96,01-09-2017
85,02-09-2017
86,03-09-2017
92,04-09-2017
86,05-09-2017
92,06-09-2017
95,07-09-2017
88,08-09-2017
91,09-09-2017
91,10-09-2017
89,11-09-2017
90,12-09-2017
97,13-09-2017
95,14-09-2017
85,15-09-2017
83,16-09-2017
86,17-09-2017
86,18-09-2017
82,19-09-2017
84,20-09-2017
78,21-09-2017
81,22-09-2017
79,23-09-2017
83,24-09-2017
86,25-09-2017
92,26-09-2017
88,27-09-2017
85,28-09-2017
84,29-09-2017
82,30-09-2017
92,01-10-2017
86,02-10-2017
88,03-10-2017
91,04-10-2017
90,05-10-2017
96,06-10-2017
92,07-10-2017
95,08-10-2017
95,09-10-2017
86,10-10-2017
96,11-10-2017
95,12-10-2017
93,13-10-2017
90,14-10-2017
90,15-10-2017
80,16-10-2017
85,17-10-2017
86,18-10-2017
94,19-10-2017
87,20-10-2017
94,21-10-2017
88,22-10-2017
89,23-10-2017
92,24-10-2017
88,25-10-2017
90,26-10-2017
86,27-10-2017
95,28-10-2017
95,29-10-2017
94,30-10-2017
96,31-10-2017
91,01-11-2017
91,02-11-2017
93,03-11-2017
96,04-11-2017
94,05-11-2017
96,06-11-2017
96,07-11-2017
96,08-11-2017
88,09-11-2017
89,10-11-2017
89,11-11-2017
84,12-11-2017
79,13-11-2017
88,14-11-2017
86,15-11-2017
88,16-11-2017
85,17-11-2017
85,18-11-2017
95,19-11-2017
96,20-11-2017
96,21-11-2017
92,22-11-2017
85,23-11-2017
77,24-11-2017
95,25-11-2017
92,26-11-2017
91,27-11-2017
93,28-11-2017
96,29-11-2017
96,30-11-2017
97,01-12-2017
96,02-12-2017
88,03-12-2017
90,04-12-2017
89,05-12-2017
87,06-12-2017
91,07-12-2017
91,08-12-2017
86,09-12-2017
88,10-12-2017
86,11-12-2017
89,12-12-2017
96,13-12-2017
96,14-12-2017
93,15-12-2017
86,16-12-2017
78,17-12-2017
76,18-12-2017
86,19-12-2017
90,20-12-2017
92,21-12-2017
78,22-12-2017
82,23-12-2017
86,24-12-2017
84,25-12-2017
85,26-12-2017
77,27-12-2017
71,28-12-2017
75,29-12-2017
82,30-12-2017
85,31-12-2017
88,01-01-2018
85,02-01-2018
78,03-01-2018
76,04-01-2018
70,05-01-2018
66,06-01-2018
68,07-01-2018
81,08-01-2018
82,09-01-2018
93,10-01-2018
87,11-01-2018
94,12-01-2018
95,13-01-2018
82,14-01-2018
71,15-01-2018
78,16-01-2018
70,17-01-2018
76,18-01-2018
79,19-01-2018
76,20-01-2018
80,21-01-2018
85,22-01-2018
86,23-01-2018
74,24-01-2018
73,25-01-2018
80,26-01-2018
73,27-01-2018
76,28-01-2018
87,29-01-2018
84,30-01-2018
78,31-01-2018
82,01-02-2018
72,02-02-2018
70,03-02-2018
86,04-02-2018
84,05-02-2018
96,06-02-2018
92,07-02-2018
93,08-02-2018
89,09-02-2018
91,10-02-2018
83,11-02-2018
78,12-02-2018
80,13-02-2018
83,14-02-2018
88,15-02-2018
65,16-02-2018
63,17-02-2018
85,18-02-2018
71,19-02-2018
82,20-02-2018
79,21-02-2018
84,22-02-2018
85,23-02-2018
82,24-02-2018
84,25-02-2018
93,26-02-2018
90,27-02-2018
95,28-02-2018
88,01-03-2018
93,02-03-2018
93,03-03-2018
89,04-03-2018
88,05-03-2018
85,06-03-2018
82,07-03-2018
88,08-03-2018
92,09-03-2018
86,10-03-2018
84,11-03-2018
90,12-03-2018
92,13-03-2018
89,14-03-2018
77,15-03-2018
84,16-03-2018
86,17-03-2018
85,18-03-2018
93,19-03-2018
82,20-03-2018
87,21-03-2018
80,22-03-2018
83,23-03-2018
82,24-03-2018
81,25-03-2018
91,26-03-2018
91,27-03-2018
84,28-03-2018
80,29-03-2018
80,30-03-2018
86,31-03-2018
85,01-04-2018
87,02-04-2018
87,03-04-2018
88,04-04-2018
87,05-04-2018
90,06-04-2018
94,07-04-2018
86,08-04-2018
93,09-04-2018
91,10-04-2018
94,11-04-2018
96,12-04-2018
95,13-04-2018
94,14-04-2018
92,15-04-2018
93,16-04-2018
91,17-04-2018
95,18-04-2018
88,19-04-2018
88,20-04-2018
86,21-04-2018
85,22-04-2018
84,23-04-2018
82,24-04-2018
96,25-04-2018
86,26-04-2018
95,27-04-2018
92,28-04-2018
89,29-04-2018
84,30-04-2018
84,01-05-2018
93,02-05-2018
93,03-05-2018
89,04-05-2018
94,05-05-2018
88,06-05-2018
92,07-05-2018
93,08-05-2018
88,09-05-2018
92,10-05-2018
93,11-05-2018
96,12-05-2018
87,13-05-2018
93,14-05-2018
86,15-05-2018
95,16-05-2018
96,17-05-2018
93,18-05-2018
96,19-05-2018
84,20-05-2018
95,21-05-2018
83,22-05-2018
95,23-05-2018
91,24-05-2018
95,25-05-2018
93,26-05-2018
88,27-05-2018
80,28-05-2018
85,29-05-2018
81,30-05-2018
82,31-05-2018
84,01-06-2018
86,02-06-2018
87,03-06-2018
85,04-06-2018
84,05-06-2018
83,06-06-2018
87,07-06-2018
81,08-06-2018
84,09-06-2018
86,10-06-2018
82,11-06-2018
81,12-06-2018
86,13-06-2018
89,14-06-2018
88,15-06-2018
92,16-06-2018
88,17-06-2018
84,18-06-2018
84,19-06-2018
89,20-06-2018
90,21-06-2018
85,22-06-2018
93,23-06-2018
90,24-06-2018
84,25-06-2018
85,26-06-2018
78,27-06-2018
86,28-06-2018
88,29-06-2018
81,30-06-2018
87,01-07-2018
84,02-07-2018
83,03-07-2018
80,04-07-2018
81,05-07-2018
81,06-07-2018
83,07-07-2018
86,08-07-2018
85,09-07-2018
85,10-07-2018
89,11-07-2018
90,12-07-2018
88,13-07-2018
89,14-07-2018
88,15-07-2018
84,16-07-2018
88,17-07-2018
85,18-07-2018
88,19-07-2018
86,20-07-2018
85,21-07-2018
84,22-07-2018
82,23-07-2018
85,24-07-2018
83,25-07-2018
83,26-07-2018
84,27-07-2018
84,28-07-2018
86,29-07-2018
86,30-07-2018
89,31-07-2018
89,01-08-2018
88,02-08-2018
86,03-08-2018
84,04-08-2018
83,05-08-2018
85,06-08-2018
89,07-08-2018
95,08-08-2018
89,09-08-2018
86,10-08-2018
86,11-08-2018
89,12-08-2018
91,13-08-2018
89,14-08-2018
89,15-08-2018
93,16-08-2018
86,17-08-2018
84,18-08-2018
87,19-08-2018
88,20-08-2018
85,21-08-2018
84,22-08-2018
82,23-08-2018
86,24-08-2018
84,25-08-2018
86,26-08-2018
84,27-08-2018
83,28-08-2018
82,29-08-2018
83,30-08-2018
86,31-08-2018
88,01-09-2018
85,02-09-2018
84,03-09-2018
86,04-09-2018
81,05-09-2018
81,06-09-2018
79,07-09-2018
83,08-09-2018
83,09-09-2018
85,10-09-2018
83,11-09-2018
80,12-09-2018
79,13-09-2018
78,14-09-2018
78,15-09-2018
80,16-09-2018
81,17-09-2018
85,18-09-2018
80,19-09-2018
84,20-09-2018
95,21-09-2018
92,22-09-2018
91,23-09-2018
95,24-09-2018
92,25-09-2018
89,26-09-2018
91,27-09-2018
92,28-09-2018
95,29-09-2018
92,30-09-2018
96,01-10-2018
95,02-10-2018
90,03-10-2018
90,04-10-2018
92,05-10-2018
96,06-10-2018
96,07-10-2018
93,08-10-2018
97,09-10-2018
92,10-10-2018
93,11-10-2018
91,12-10-2018
92,13-10-2018
89,14-10-2018
93,15-10-2018
94,16-10-2018
91,17-10-2018
91,18-10-2018
94,19-10-2018
94,20-10-2018
94,21-10-2018
96,22-10-2018
96,23-10-2018
95,24-10-2018
95,25-10-2018
96,26-10-2018
88,27-10-2018
85,28-10-2018
83,29-10-2018
83,30-10-2018
85,31-10-2018
95,01-11-2018
96,02-11-2018
94,03-11-2018
92,04-11-2018
91,05-11-2018
93,06-11-2018
94,07-11-2018
96,08-11-2018
94,09-11-2018
83,10-11-2018
86,11-11-2018
92,12-11-2018
91,13-11-2018
93,14-11-2018
88,15-11-2018
90,16-11-2018
87,17-11-2018
95,18-11-2018
95,19-11-2018
91,20-11-2018
85,21-11-2018
88,22-11-2018
95,23-11-2018
95,24-11-2018
91,25-11-2018
82,26-11-2018
88,27-11-2018
96,28-11-2018
95,29-11-2018
93,30-11-2018
81,01-12-2018
84,02-12-2018
95,03-12-2018
93,04-12-2018
95,05-12-2018
85,06-12-2018
87,07-12-2018
81,08-12-2018
83,09-12-2018
82,10-12-2018
81,11-12-2018
86,12-12-2018
87,13-12-2018
86,14-12-2018
87,15-12-2018
89,16-12-2018
88,17-12-2018
91,18-12-2018
80,19-12-2018
81,20-12-2018
87,21-12-2018
89,22-12-2018
89,23-12-2018
95,24-12-2018
95,25-12-2018
92,26-12-2018
90,27-12-2018
88,28-12-2018
76,29-12-2018
81,30-12-2018
82,31-12-2018
73,01-01-2016
71,02-01-2016
65,03-01-2016
67,04-01-2016
76,05-01-2016
79,06-01-2016
70,07-01-2016
67,08-01-2016
62,09-01-2016
67,10-01-2016
62,11-01-2016
59,12-01-2016
56,13-01-2016
59,14-01-2016
69,15-01-2016
72,16-01-2016
70,17-01-2016
74,18-01-2016
77,19-01-2016
75,20-01-2016
75,21-01-2016
69,22-01-2016
73,23-01-2016
69,24-01-2016
72,25-01-2016
65,26-01-2016
62,27-01-2016
67,28-01-2016
73,29-01-2016
56,30-01-2016
65,31-01-2016
65,01-02-2016
53,02-02-2016
54,03-02-2016
61,04-02-2016
61,05-02-2016
66,06-02-2016
71,07-02-2016
71,08-02-2016
72,09-02-2016
76,10-02-2016
70,11-02-2016
73,12-02-2016
73,13-02-2016
73,14-02-2016
74,15-02-2016
64,16-02-2016
61,17-02-2016
72,18-02-2016
73,19-02-2016
80,20-02-2016
73,21-02-2016
72,22-02-2016
69,23-02-2016
61,24-02-2016
80,25-02-2016
70,26-02-2016
68,27-02-2016
64,28-02-2016
68,29-02-2016
72,01-03-2016
68,02-03-2016
63,03-03-2016
64,04-03-2016
71,05-03-2016
72,06-03-2016
71,07-03-2016
72,08-03-2016
77,09-03-2016
77,10-03-2016
76,11-03-2016
78,12-03-2016
71,13-03-2016
71,14-03-2016
70,15-03-2016
73,16-03-2016
70,17-03-2016
72,18-03-2016
68,19-03-2016
69,20-03-2016
75,21-03-2016
70,22-03-2016
66,23-03-2016
69,24-03-2016
69,25-03-2016
66,26-03-2016
66,27-03-2016
67,28-03-2016
68,29-03-2016
71,30-03-2016
68,31-03-2016
68,01-04-2016
66,02-04-2016
66,03-04-2016
69,04-04-2016
68,05-04-2016
70,06-04-2016
74,07-04-2016
67,08-04-2016
69,09-04-2016
75,10-04-2016
70,11-04-2016
73,12-04-2016
71,13-04-2016
73,14-04-2016
72,15-04-2016
74,16-04-2016
75,17-04-2016
69,18-04-2016
83,19-04-2016
78,20-04-2016
74,21-04-2016
75,22-04-2016
72,23-04-2016
69,24-04-2016
71,25-04-2016
74,26-04-2016
68,27-04-2016
65,28-04-2016
68,29-04-2016
76,30-04-2016
73,01-05-2016
73,02-05-2016
68,03-05-2016
73,04-05-2016
74,05-05-2016
75,06-05-2016
73,07-05-2016
76,08-05-2016
77,09-05-2016
70,10-05-2016
78,11-05-2016
82,12-05-2016
77,13-05-2016
79,14-05-2016
95,15-05-2016
88,16-05-2016
85,17-05-2016
74,18-05-2016
83,19-05-2016
79,20-05-2016
86,21-05-2016
83,22-05-2016
80,23-05-2016
86,24-05-2016
77,25-05-2016
77,26-05-2016
84,27-05-2016
85,28-05-2016
80,29-05-2016
82,30-05-2016
83,31-05-2016
79,01-06-2016
75,02-06-2016
76,03-06-2016
83,04-06-2016
75,05-06-2016
75,06-06-2016
83,07-06-2016
83,08-06-2016
82,09-06-2016
79,10-06-2016
77,11-06-2016
81,12-06-2016
75,13-06-2016
76,14-06-2016
75,15-06-2016
77,16-06-2016
77,17-06-2016
81,18-06-2016
79,19-06-2016
73,20-06-2016
73,21-06-2016
73,22-06-2016
72,23-06-2016
72,24-06-2016
70,25-06-2016
77,26-06-2016
78,27-06-2016
78,28-06-2016
78,29-06-2016
73,30-06-2016
77,01-07-2016
75,02-07-2016
71,03-07-2016
70,04-07-2016
73,05-07-2016
74,06-07-2016
75,07-07-2016
76,08-07-2016
75,09-07-2016
79,10-07-2016
77,11-07-2016
82,12-07-2016
73,13-07-2016
76,14-07-2016
77,15-07-2016
77,16-07-2016
78,17-07-2016
77,18-07-2016
75,19-07-2016
79,20-07-2016
77,21-07-2016
75,22-07-2016
77,23-07-2016
80,24-07-2016
80,25-07-2016
77,26-07-2016
83,27-07-2016
75,28-07-2016
79,29-07-2016
83,30-07-2016
80,31-07-2016
78,01-08-2016
75,02-08-2016
75,03-08-2016
75,04-08-2016
72,05-08-2016
71,06-08-2016
73,07-08-2016
75,08-08-2016
76,09-08-2016
75,10-08-2016
70,11-08-2016
71,12-08-2016
72,13-08-2016
75,14-08-2016
75,15-08-2016
72,16-08-2016
73,17-08-2016
69,18-08-2016
71,19-08-2016
73,20-08-2016
77,21-08-2016
81,22-08-2016
77,23-08-2016
75,24-08-2016
75,25-08-2016
76,26-08-2016
76,27-08-2016
76,28-08-2016
75,29-08-2016
75,30-08-2016
76,31-08-2016
75,01-09-2016
79,02-09-2016
75,03-09-2016
77,04-09-2016
74,05-09-2016
73,06-09-2016
71,07-09-2016
72,08-09-2016
73,09-09-2016
77,10-09-2016
73,11-09-2016
75,12-09-2016
75,13-09-2016
79,14-09-2016
79,15-09-2016
74,16-09-2016
75,17-09-2016
76,18-09-2016
75,19-09-2016
75,20-09-2016
75,21-09-2016
75,22-09-2016
75,23-09-2016
73,24-09-2016
73,25-09-2016
72,26-09-2016
75,27-09-2016
78,28-09-2016
80,29-09-2016
77,30-09-2016
71,01-10-2016
69,02-10-2016
76,03-10-2016
71,04-10-2016
72,05-10-2016
69,06-10-2016
67,07-10-2016
66,08-10-2016
71,09-10-2016
68,10-10-2016
67,11-10-2016
70,12-10-2016
71,13-10-2016
73,14-10-2016
74,15-10-2016
80,16-10-2016
76,17-10-2016
77,18-10-2016
82,19-10-2016
75,20-10-2016
76,21-10-2016
76,22-10-2016
83,23-10-2016
80,24-10-2016
79,25-10-2016
75,26-10-2016
78,27-10-2016
73,28-10-2016
72,29-10-2016
77,30-10-2016
76,31-10-2016
79,01-11-2016
77,02-11-2016
80,03-11-2016
84,04-11-2016
87,05-11-2016
93,06-11-2016
73,07-11-2016
75,08-11-2016
71,09-11-2016
71,10-11-2016
75,11-11-2016
77,12-11-2016
78,13-11-2016
75,14-11-2016
75,15-11-2016
73,16-11-2016
81,17-11-2016
81,18-11-2016
83,19-11-2016
86,20-11-2016
79,21-11-2016
80,22-11-2016
79,23-11-2016
69,24-11-2016
69,25-11-2016
71,26-11-2016
64,27-11-2016
71,28-11-2016
69,29-11-2016
70,30-11-2016
65,01-12-2016
69,02-12-2016
70,03-12-2016
74,04-12-2016
69,05-12-2016
55,06-12-2016
68,07-12-2016
72,08-12-2016
71,09-12-2016
80,10-12-2016
71,11-12-2016
65,12-12-2016
63,13-12-2016
62,14-12-2016
63,15-12-2016
73,16-12-2016
71,17-12-2016
65,18-12-2016
67,19-12-2016
73,20-12-2016
74,21-12-2016
76,22-12-2016
56,23-12-2016
61,24-12-2016
61,25-12-2016
69,26-12-2016
81,27-12-2016
84,28-12-2016
75,29-12-2016
61,30-12-2016
62,31-12-2016
67,01-01-2017
71,02-01-2017
67,03-01-2017
69,04-01-2017
64,05-01-2017
60,06-01-2017
55,07-01-2017
46,08-01-2017
54,09-01-2017
63,10-01-2017
68,11-01-2017
73,12-01-2017
57,13-01-2017
60,14-01-2017
60,15-01-2017
59,16-01-2017
57,17-01-2017
56,18-01-2017
68,19-01-2017
67,20-01-2017
71,21-01-2017
78,22-01-2017
75,23-01-2017
75,24-01-2017
79,25-01-2017
70,26-01-2017
84,27-01-2017
75,28-01-2017
77,29-01-2017
79,30-01-2017
68,31-01-2017
68,01-02-2017
59,02-02-2017
51,03-02-2017
57,04-02-2017
60,05-02-2017
61,06-02-2017
57,07-02-2017
67,08-02-2017
64,09-02-2017
64,10-02-2017
67,11-02-2017
60,12-02-2017
65,13-02-2017
75,14-02-2017
61,15-02-2017
50,16-02-2017
53,17-02-2017
72,18-02-2017
79,19-02-2017
76,20-02-2017
75,21-02-2017
73,22-02-2017
71,23-02-2017
74,24-02-2017
76,25-02-2017
80,26-02-2017
72,27-02-2017
79,28-02-2017
78,01-03-2017
70,02-03-2017
73,03-03-2017
75,04-03-2017
65,05-03-2017
71,06-03-2017
71,07-03-2017
72,08-03-2017
75,09-03-2017
73,10-03-2017
79,11-03-2017
75,12-03-2017
71,13-03-2017
73,14-03-2017
71,15-03-2017
73,16-03-2017
72,17-03-2017
73,18-03-2017
73,19-03-2017
71,20-03-2017
70,21-03-2017
72,22-03-2017
70,23-03-2017
66,24-03-2017
67,25-03-2017
66,26-03-2017
65,27-03-2017
63,28-03-2017
73,29-03-2017
71,30-03-2017
73,31-03-2017
73,01-04-2017
71,02-04-2017
71,03-04-2017
71,04-04-2017
71,05-04-2017
74,06-04-2017
71,07-04-2017
71,08-04-2017
70,09-04-2017
69,10-04-2017
72,11-04-2017
75,12-04-2017
80,13-04-2017
75,14-04-2017
72,15-04-2017
71,16-04-2017
71,17-04-2017
73,18-04-2017
71,19-04-2017
69,20-04-2017
70,21-04-2017
71,22-04-2017
71,23-04-2017
73,24-04-2017
77,25-04-2017
69,26-04-2017
71,27-04-2017
72,28-04-2017
73,29-04-2017
72,30-04-2017
67,01-05-2017
67,02-05-2017
67,03-05-2017
71,04-05-2017
69,05-05-2017
77,06-05-2017
71,07-05-2017
71,08-05-2017
67,09-05-2017
77,10-05-2017
77,11-05-2017
73,12-05-2017
73,13-05-2017
79,14-05-2017
75,15-05-2017
73,16-05-2017
74,17-05-2017
85,18-05-2017
83,19-05-2017
76,20-05-2017
74,21-05-2017
77,22-05-2017
76,23-05-2017
77,24-05-2017
85,25-05-2017
85,26-05-2017
81,27-05-2017
80,28-05-2017
81,29-05-2017
80,30-05-2017
75,31-05-2017
81,01-06-2017
75,02-06-2017
84,03-06-2017
76,04-06-2017
78,05-06-2017
79,06-06-2017
79,07-06-2017
75,08-06-2017
76,09-06-2017
75,10-06-2017
83,11-06-2017
76,12-06-2017
77,13-06-2017
83,14-06-2017
81,15-06-2017
88,16-06-2017
80,17-06-2017
80,18-06-2017
78,19-06-2017
79,20-06-2017
77,21-06-2017
79,22-06-2017
83,23-06-2017
85,24-06-2017
80,25-06-2017
82,26-06-2017
81,27-06-2017
81,28-06-2017
75,29-06-2017
75,30-06-2017
78,01-07-2017
76,02-07-2017
75,03-07-2017
74,04-07-2017
75,05-07-2017
77,06-07-2017
77,07-07-2017
77,08-07-2017
86,09-07-2017
79,10-07-2017
78,11-07-2017
78,12-07-2017
77,13-07-2017
75,14-07-2017
75,15-07-2017
74,16-07-2017
74,17-07-2017
75,18-07-2017
81,19-07-2017
73,20-07-2017
75,21-07-2017
73,22-07-2017
73,23-07-2017
72,24-07-2017
73,25-07-2017
77,26-07-2017
75,27-07-2017
74,28-07-2017
74,29-07-2017
77,30-07-2017
77,31-07-2017
75,01-08-2017
76,02-08-2017
75,03-08-2017
75,04-08-2017
77,05-08-2017
75,06-08-2017
78,07-08-2017
75,08-08-2017
77,09-08-2017
77,10-08-2017
75,11-08-2017
71,12-08-2017
79,13-08-2017
77,14-08-2017
72,15-08-2017
73,16-08-2017
74,17-08-2017
83,18-08-2017
79,19-08-2017
79,20-08-2017
76,21-08-2017
78,22-08-2017
77,23-08-2017
78,24-08-2017
77,25-08-2017
76,26-08-2017
77,27-08-2017
76,28-08-2017
77,29-08-2017
73,30-08-2017
78,31-08-2017
82,01-09-2017
77,02-09-2017
84,03-09-2017
79,04-09-2017
89,05-09-2017
81,06-09-2017
92,07-09-2017
81,08-09-2017
81,09-09-2017
77,10-09-2017
76,11-09-2017
75,12-09-2017
89,13-09-2017
79,14-09-2017
78,15-09-2017
74,16-09-2017
76,17-09-2017
78,18-09-2017
75,19-09-2017
74,20-09-2017
72,21-09-2017
70,22-09-2017
71,23-09-2017
74,24-09-2017
81,25-09-2017
87,26-09-2017
89,27-09-2017
76,28-09-2017
72,29-09-2017
81,30-09-2017
80,01-10-2017
75,02-10-2017
78,03-10-2017
79,04-10-2017
90,05-10-2017
92,06-10-2017
87,07-10-2017
81,08-10-2017
86,09-10-2017
85,10-10-2017
93,11-10-2017
81,12-10-2017
87,13-10-2017
91,14-10-2017
86,15-10-2017
77,16-10-2017
75,17-10-2017
77,18-10-2017
82,19-10-2017
81,20-10-2017
74,21-10-2017
79,22-10-2017
74,23-10-2017
75,24-10-2017
75,25-10-2017
71,26-10-2017
72,27-10-2017
72,28-10-2017
81,29-10-2017
74,30-10-2017
87,31-10-2017
77,01-11-2017
84,02-11-2017
75,03-11-2017
79,04-11-2017
84,05-11-2017
82,06-11-2017
82,07-11-2017
83,08-11-2017
77,09-11-2017
74,10-11-2017
75,11-11-2017
64,12-11-2017
75,13-11-2017
69,14-11-2017
70,15-11-2017
66,16-11-2017
69,17-11-2017
73,18-11-2017
76,19-11-2017
79,20-11-2017
77,21-11-2017
76,22-11-2017
73,23-11-2017
67,24-11-2017
77,25-11-2017
82,26-11-2017
86,27-11-2017
81,28-11-2017
88,29-11-2017
95,30-11-2017
93,01-12-2017
87,02-12-2017
75,03-12-2017
75,04-12-2017
72,05-12-2017
73,06-12-2017
71,07-12-2017
67,08-12-2017
62,09-12-2017
65,10-12-2017
74,11-12-2017
78,12-12-2017
75,13-12-2017
83,14-12-2017
80,15-12-2017
69,16-12-2017
61,17-12-2017
54,18-12-2017
65,19-12-2017
81,20-12-2017
80,21-12-2017
64,22-12-2017
54,23-12-2017
69,24-12-2017
71,25-12-2017
68,26-12-2017
63,27-12-2017
57,28-12-2017
63,29-12-2017
61,30-12-2017
62,31-12-2017
61,01-01-2018
68,02-01-2018
71,03-01-2018
58,04-01-2018
49,05-01-2018
52,06-01-2018
52,07-01-2018
63,08-01-2018
67,09-01-2018
72,10-01-2018
71,11-01-2018
75,12-01-2018
71,13-01-2018
76,14-01-2018
55,15-01-2018
56,16-01-2018
53,17-01-2018
52,18-01-2018
61,19-01-2018
67,20-01-2018
66,21-01-2018
69,22-01-2018
65,23-01-2018
66,24-01-2018
64,25-01-2018
70,26-01-2018
68,27-01-2018
69,28-01-2018
68,29-01-2018
80,30-01-2018
64,31-01-2018
67,01-02-2018
67,02-02-2018
65,03-02-2018
68,04-02-2018
70,05-02-2018
73,06-02-2018
72,07-02-2018
74,08-02-2018
76,09-02-2018
76,10-02-2018
74,11-02-2018
71,12-02-2018
69,13-02-2018
67,14-02-2018
67,15-02-2018
56,16-02-2018
51,17-02-2018
64,18-02-2018
63,19-02-2018
55,20-02-2018
63,21-02-2018
66,22-02-2018
67,23-02-2018
65,24-02-2018
67,25-02-2018
68,26-02-2018
77,27-02-2018
69,28-02-2018
72,01-03-2018
74,02-03-2018
73,03-03-2018
76,04-03-2018
75,05-03-2018
73,06-03-2018
68,07-03-2018
71,08-03-2018
73,09-03-2018
74,10-03-2018
67,11-03-2018
79,12-03-2018
80,13-03-2018
69,14-03-2018
69,15-03-2018
72,16-03-2018
75,17-03-2018
75,18-03-2018
71,19-03-2018
72,20-03-2018
71,21-03-2018
69,22-03-2018
70,23-03-2018
72,24-03-2018
62,25-03-2018
76,26-03-2018
75,27-03-2018
73,28-03-2018
69,29-03-2018
72,30-03-2018
74,31-03-2018
74,01-04-2018
74,02-04-2018
71,03-04-2018
67,04-04-2018
71,05-04-2018
67,06-04-2018
72,07-04-2018
69,08-04-2018
68,09-04-2018
70,10-04-2018
76,11-04-2018
79,12-04-2018
85,13-04-2018
76,14-04-2018
77,15-04-2018
72,16-04-2018
76,17-04-2018
83,18-04-2018
72,19-04-2018
73,20-04-2018
72,21-04-2018
72,22-04-2018
71,23-04-2018
69,24-04-2018
71,25-04-2018
75,26-04-2018
73,27-04-2018
75,28-04-2018
74,29-04-2018
72,30-04-2018
71,01-05-2018
77,02-05-2018
75,03-05-2018
73,04-05-2018
72,05-05-2018
73,06-05-2018
77,07-05-2018
81,08-05-2018
77,09-05-2018
77,10-05-2018
74,11-05-2018
79,12-05-2018
83,13-05-2018
75,14-05-2018
75,15-05-2018
71,16-05-2018
88,17-05-2018
93,18-05-2018
76,19-05-2018
89,20-05-2018
79,21-05-2018
83,22-05-2018
91,23-05-2018
92,24-05-2018
85,25-05-2018
86,26-05-2018
83,27-05-2018
81,28-05-2018
72,29-05-2018
73,30-05-2018
77,31-05-2018
86,01-06-2018
85,02-06-2018
78,03-06-2018
81,04-06-2018
77,05-06-2018
80,06-06-2018
83,07-06-2018
76,08-06-2018
77,09-06-2018
75,10-06-2018
76,11-06-2018
75,12-06-2018
75,13-06-2018
82,14-06-2018
81,15-06-2018
90,16-06-2018
77,17-06-2018
80,18-06-2018
76,19-06-2018
74,20-06-2018
79,21-06-2018
80,22-06-2018
79,23-06-2018
82,24-06-2018
77,25-06-2018
82,26-06-2018
76,27-06-2018
80,28-06-2018
74,29-06-2018
75,30-06-2018
73,01-07-2018
80,02-07-2018
75,03-07-2018
75,04-07-2018
73,05-07-2018
73,06-07-2018
72,07-07-2018
76,08-07-2018
79,09-07-2018
80,10-07-2018
82,11-07-2018
79,12-07-2018
77,13-07-2018
76,14-07-2018
79,15-07-2018
78,16-07-2018
73,17-07-2018
75,18-07-2018
79,19-07-2018
75,20-07-2018
75,21-07-2018
76,22-07-2018
76,23-07-2018
77,24-07-2018
79,25-07-2018
80,26-07-2018
78,27-07-2018
75,28-07-2018
77,29-07-2018
79,30-07-2018
77,31-07-2018
81,01-08-2018
77,02-08-2018
77,03-08-2018
77,04-08-2018
74,05-08-2018
72,06-08-2018
75,07-08-2018
83,08-08-2018
77,09-08-2018
79,10-08-2018
80,11-08-2018
79,12-08-2018
77,13-08-2018
82,14-08-2018
83,15-08-2018
79,16-08-2018
78,17-08-2018
77,18-08-2018
79,19-08-2018
77,20-08-2018
80,21-08-2018
77,22-08-2018
75,23-08-2018
77,24-08-2018
79,25-08-2018
78,26-08-2018
74,27-08-2018
75,28-08-2018
75,29-08-2018
76,30-08-2018
76,31-08-2018
77,01-09-2018
72,02-09-2018
71,03-09-2018
72,04-09-2018
72,05-09-2018
69,06-09-2018
69,07-09-2018
68,08-09-2018
69,09-09-2018
71,10-09-2018
69,11-09-2018
65,12-09-2018
66,13-09-2018
67,14-09-2018
68,15-09-2018
71,16-09-2018
73,17-09-2018
73,18-09-2018
72,19-09-2018
75,20-09-2018
85,21-09-2018
75,22-09-2018
76,23-09-2018
80,24-09-2018
79,25-09-2018
73,26-09-2018
77,27-09-2018
74,28-09-2018
80,29-09-2018
78,30-09-2018
81,01-10-2018
79,02-10-2018
80,03-10-2018
73,04-10-2018
79,05-10-2018
92,06-10-2018
84,07-10-2018
94,08-10-2018
91,09-10-2018
81,10-10-2018
81,11-10-2018
78,12-10-2018
77,13-10-2018
78,14-10-2018
74,15-10-2018
78,16-10-2018
80,17-10-2018
72,18-10-2018
73,19-10-2018
79,20-10-2018
75,21-10-2018
80,22-10-2018
76,23-10-2018
76,24-10-2018
78,25-10-2018
79,26-10-2018
75,27-10-2018
74,28-10-2018
74,29-10-2018
74,30-10-2018
77,31-10-2018
91,01-11-2018
75,02-11-2018
80,03-11-2018
77,04-11-2018
86,05-11-2018
84,06-11-2018
81,07-11-2018
85,08-11-2018
79,09-11-2018
69,10-11-2018
70,11-11-2018
65,12-11-2018
73,13-11-2018
75,14-11-2018
71,15-11-2018
74,16-11-2018
74,17-11-2018
71,18-11-2018
75,19-11-2018
84,20-11-2018
71,21-11-2018
73,22-11-2018
72,23-11-2018
69,24-11-2018
71,25-11-2018
73,26-11-2018
75,27-11-2018
89,28-11-2018
77,29-11-2018
75,30-11-2018
65,01-12-2018
62,02-12-2018
72,03-12-2018
75,04-12-2018
79,05-12-2018
71,06-12-2018
65,07-12-2018
61,08-12-2018
67,09-12-2018
63,10-12-2018
69,11-12-2018
67,12-12-2018
66,13-12-2018
73,14-12-2018
77,15-12-2018
72,16-12-2018
62,17-12-2018
72,18-12-2018
73,19-12-2018
71,20-12-2018
73,21-12-2018
78,22-12-2018
72,23-12-2018
77,24-12-2018
77,25-12-2018
76,26-12-2018
76,27-12-2018
73,28-12-2018
68,29-12-2018
55,30-12-2018
67,31-12-2018
88,01-01-2018
85,02-01-2018
78,03-01-2018
76,04-01-2018
70,05-01-2018
66,06-01-2018
68,07-01-2018
81,08-01-2018
82,09-01-2018
93,10-01-2018
87,11-01-2018
94,12-01-2018
95,13-01-2018
82,14-01-2018
71,15-01-2018
78,16-01-2018
70,17-01-2018
76,18-01-2018
79,19-01-2018
76,20-01-2018
80,21-01-2018
85,22-01-2018
86,23-01-2018
74,24-01-2018
73,25-01-2018
80,26-01-2018
73,27-01-2018
76,28-01-2018
87,29-01-2018
84,30-01-2018
78,31-01-2018
82,01-02-2018
72,02-02-2018
70,03-02-2018
86,04-02-2018
84,05-02-2018
96,06-02-2018
92,07-02-2018
93,08-02-2018
89,09-02-2018
91,10-02-2018
83,11-02-2018
78,12-02-2018
80,13-02-2018
83,14-02-2018
88,15-02-2018
65,16-02-2018
63,17-02-2018
85,18-02-2018
71,19-02-2018
82,20-02-2018
79,21-02-2018
84,22-02-2018
85,23-02-2018
82,24-02-2018
84,25-02-2018
93,26-02-2018
90,27-02-2018
95,28-02-2018
88,01-03-2018
93,02-03-2018
93,03-03-2018
89,04-03-2018
88,05-03-2018
85,06-03-2018
82,07-03-2018
88,08-03-2018
92,09-03-2018
86,10-03-2018
84,11-03-2018
90,12-03-2018
92,13-03-2018
89,14-03-2018
77,15-03-2018
84,16-03-2018
86,17-03-2018
85,18-03-2018
93,19-03-2018
82,20-03-2018
87,21-03-2018
80,22-03-2018
83,23-03-2018
82,24-03-2018
81,25-03-2018
91,26-03-2018
91,27-03-2018
84,28-03-2018
80,29-03-2018
80,30-03-2018
86,31-03-2018
85,01-04-2018
87,02-04-2018
87,03-04-2018
88,04-04-2018
87,05-04-2018
90,06-04-2018
94,07-04-2018
86,08-04-2018
93,09-04-2018
91,10-04-2018
94,11-04-2018
96,12-04-2018
95,13-04-2018
94,14-04-2018
92,15-04-2018
93,16-04-2018
91,17-04-2018
95,18-04-2018
88,19-04-2018
88,20-04-2018
86,21-04-2018
85,22-04-2018
84,23-04-2018
82,24-04-2018
96,25-04-2018
86,26-04-2018
95,27-04-2018
92,28-04-2018
89,29-04-2018
84,30-04-2018
84,01-05-2018
93,02-05-2018
93,03-05-2018
89,04-05-2018
94,05-05-2018
88,06-05-2018
92,07-05-2018
93,08-05-2018
88,09-05-2018
92,10-05-2018
93,11-05-2018
96,12-05-2018
87,13-05-2018
93,14-05-2018
86,15-05-2018
95,16-05-2018
96,17-05-2018
93,18-05-2018
96,19-05-2018
84,20-05-2018
95,21-05-2018
83,22-05-2018
95,23-05-2018
91,24-05-2018
95,25-05-2018
93,26-05-2018
88,27-05-2018
80,28-05-2018
85,29-05-2018
81,30-05-2018
82,31-05-2018
84,01-06-2018
86,02-06-2018
87,03-06-2018
85,04-06-2018
84,05-06-2018
83,06-06-2018
87,07-06-2018
81,08-06-2018
84,09-06-2018
86,10-06-2018
82,11-06-2018
81,12-06-2018
86,13-06-2018
89,14-06-2018
88,15-06-2018
92,16-06-2018
88,17-06-2018
84,18-06-2018
84,19-06-2018
89,20-06-2018
90,21-06-2018
85,22-06-2018
93,23-06-2018
90,24-06-2018
84,25-06-2018
85,26-06-2018
78,27-06-2018
86,28-06-2018
88,29-06-2018
81,30-06-2018
87,01-07-2018
84,02-07-2018
83,03-07-2018
80,04-07-2018
81,05-07-2018
81,06-07-2018
83,07-07-2018
86,08-07-2018
85,09-07-2018
85,10-07-2018
89,11-07-2018
90,12-07-2018
88,13-07-2018
89,14-07-2018
88,15-07-2018
84,16-07-2018
88,17-07-2018
85,18-07-2018
88,19-07-2018
86,20-07-2018
85,21-07-2018
84,22-07-2018
82,23-07-2018
85,24-07-2018
83,25-07-2018
83,26-07-2018
84,27-07-2018
84,28-07-2018
86,29-07-2018
86,30-07-2018
89,31-07-2018
89,01-08-2018
88,02-08-2018
86,03-08-2018
84,04-08-2018
83,05-08-2018
85,06-08-2018
89,07-08-2018
95,08-08-2018
89,09-08-2018
86,10-08-2018
86,11-08-2018
89,12-08-2018
91,13-08-2018
89,14-08-2018
89,15-08-2018
93,16-08-2018
86,17-08-2018
84,18-08-2018
87,19-08-2018
88,20-08-2018
85,21-08-2018
84,22-08-2018
82,23-08-2018
86,24-08-2018
84,25-08-2018
86,26-08-2018
84,27-08-2018
83,28-08-2018
82,29-08-2018
83,30-08-2018
86,31-08-2018
88,01-09-2018
85,02-09-2018
84,03-09-2018
86,04-09-2018
81,05-09-2018
81,06-09-2018
79,07-09-2018
83,08-09-2018
83,09-09-2018
85,10-09-2018
83,11-09-2018
80,12-09-2018
79,13-09-2018
78,14-09-2018
78,15-09-2018
80,16-09-2018
81,17-09-2018
85,18-09-2018
80,19-09-2018
84,20-09-2018
95,21-09-2018
92,22-09-2018
91,23-09-2018
95,24-09-2018
92,25-09-2018
89,26-09-2018
91,27-09-2018
92,28-09-2018
95,29-09-2018
92,30-09-2018
96,01-10-2018
95,02-10-2018
90,03-10-2018
90,04-10-2018
92,05-10-2018
96,06-10-2018
96,07-10-2018
93,08-10-2018
97,09-10-2018
92,10-10-2018
93,11-10-2018
91,12-10-2018
92,13-10-2018
89,14-10-2018
93,15-10-2018
94,16-10-2018
91,17-10-2018
91,18-10-2018
94,19-10-2018
94,20-10-2018
94,21-10-2018
96,22-10-2018
96,23-10-2018
95,24-10-2018
95,25-10-2018
96,26-10-2018
88,27-10-2018
85,28-10-2018
83,29-10-2018
83,30-10-2018
85,31-10-2018
95,01-11-2018
96,02-11-2018
94,03-11-2018
92,04-11-2018
91,05-11-2018
93,06-11-2018
94,07-11-2018
96,08-11-2018
94,09-11-2018
83,10-11-2018
86,11-11-2018
92,12-11-2018
91,13-11-2018
93,14-11-2018
88,15-11-2018
90,16-11-2018
87,17-11-2018
95,18-11-2018
95,19-11-2018
91,20-11-2018
85,21-11-2018
88,22-11-2018
95,23-11-2018
95,24-11-2018
91,25-11-2018
82,26-11-2018
88,27-11-2018
96,28-11-2018
95,29-11-2018
93,30-11-2018
81,01-12-2018
84,02-12-2018
95,03-12-2018
93,04-12-2018
95,05-12-2018
85,06-12-2018
87,07-12-2018
81,08-12-2018
83,09-12-2018
82,10-12-2018
81,11-12-2018
86,12-12-2018
87,13-12-2018
86,14-12-2018
87,15-12-2018
89,16-12-2018
88,17-12-2018
91,18-12-2018
80,19-12-2018
81,20-12-2018
87,21-12-2018
89,22-12-2018
89,23-12-2018
95,24-12-2018
95,25-12-2018
92,26-12-2018
90,27-12-2018
88,28-12-2018
76,29-12-2018
81,30-12-2018
82,31-12-2018
